{
    "avg_return_XHB": 37.08293356410361,
    "avg_return_XLC": 21.884197607722182,
    "avg_return_XLF": 21.452087840077375,
    "avg_return_XLK": 19.632103561083447,
    "avg_return_XLI": 17.866568987370634,
    "avg_return_XLE": 13.986812816179981,
    "avg_return_XLB": 13.6643482913139,
    "avg_return_XLY": 10.917711853439375,
    "avg_return_XLV": 10.791147745998497,
    "avg_return_XLRE": 7.291997345564445,
    "avg_return_XLP": 6.327511045734423,
    "avg_return_XLU": 5.883208626686761
}